"Laaaa, buat pakai duit Najib ke? Terima kasih banyak la"
@RinRisha98 Takkan dengan najib pon jeles. Lain mcm boipren kauu. Hahahahahaha
#BeritaKalteng PM Najib: MRT Malaysia Lebih Baik dari London Hingga Hong Kong https://t.co/a3Ke2h2LSV #HarianKalteng
I was wrong abt Pak Lah\nwrong about Najib\nwrong about Anwar\nwrong about Kit Siang \nwrong about Mat Sabu\nBanyaknya WRONG dia! Kalau exam fail
"Anda semua Bumiputera, Najib beritahu India Muslim https://t.co/6MhLVkUcFX"
Rasanya najib kne tgk master of the mask..hahahaha
https://t.co/r55RfqTTlC Di mata Najib India Musim memang bumiputera
"Tun M, UNDANG NAJIB DALAM FORUM \u201cNOTHING TO HIDE 2.0\u201d"
I liked a @YouTube video https://t.co/cHG1hFxE84 JOKOWI Balas Sindir Malaysia Najib RAZAK
Gua rather stay single than brcinta lpastu kena bagi password dekat boipren. Lpastu benda kecik jadi big issue. Follow najib pon jdi issue
Najib reiterates Malaysia not failed nation: ... as Islamic financing\u2026 https://t.co/dDGiwbe2MN \u2698\u2698 Untuk Negaraku \u2698\u2698
&amp; all the -ve comments by antigov ppl mmg buat muak jugaklah. Cam babeng kaki komplen siot mlysian. Padahal aku ni dh kira anti najib dah ni
"@kerryraj @MohdSayutiOmar @jongket_yazrul Rakyat bukan lagi bodoh.\nJangan risau ... Biar Najib buat apa saja, rakyat tak akan pangkah BN."
"@mnidambatta Dr Najib Ibrahim Mukhtar Dambatta MNSE, COREN R... Sai kayi \U0001f606"
"Aku prolly mmg nyamph gile dgr si najib ni, tp kenot go jugak lah semu benda gov buat salah. MRT is a great thing, boleh tak bg kredit."
"Walaupun PR belum setuju siapa bakal PM, tapi PR dah setuju Dato' Najib sebagai Ketua Pembangkang selepas pru nanti."
"for those yang cakap ""nak banggakan najib sangat buat apa bukan pakai duit dia pun"" please hadam bukan senang nak m\u2026 https://t.co/52wMgtoLdG"
"Laaaa, buat pakai duit Najib ke? Terima kasih banyak la"
"Tonton ""Rafizi Ramli Terkini 2017-Hubungan Najib Razak &amp; Peter Sondakh,Harga Minyak Setiap Minggu"" di YouTube https://t.co/drNM1z4OZe"
@NadzriZaki @OneySyahril94 buat la aduan kt najib. ni pn aku pm dia buat ayat sedih ket
"Laaaa, buat pakai duit Najib ke? Terima kasih banyak la"
"Sas project (@ Laman Najib in Shah Alam, Selangor Darul Ehsan) https://t.co/uAlJNFKiRQ"
@athirahsham berlagak najib \U0001f602\U0001f602
"najib, tidur lahhh"
"Setiap kali saya tgk pm kita Najib Razak, saya akan tgk team Utk dia. \U0001f44f\U0001f44f\U0001f44f"
Rosmah suka Najib sebab apa? bibir die ke? #TanyaRosmah
"Laaaa, buat pakai duit Najib ke? Terima kasih banyak la"
"@farahhani386 xtau ..mungkin najib , atau mungkin\U0001f602\U0001f602\U0001f602\U0001f602\U0001f602"
Najib ni dungu takyah ajak debat pun kang dia panggil polis suruh bunuh https://t.co/JncWqqfiQZ
EAN: Emha Ainun najib
